uid,train_counts
0,1347
1,1102
2,1009
4,947
3,942
5,900
6,792
7,785
12,768
9,760
8,760
11,755
13,751
20,748
15,745
19,744
10,737
22,729
21,727
18,718
14,710
16,708
24,708
17,708
23,700
26,690
25,672
28,671
30,647
27,640
37,630
36,630
38,628
32,624
29,618
31,611
41,604
33,603
48,593
42,593
39,589
34,589
45,588
47,588
35,587
50,587
46,584
43,583
40,580
44,573
56,568
53,566
49,566
60,565
54,565
70,556
69,551
64,551
51,550
58,549
57,549
73,539
63,539
62,537
74,534
76,534
102,534
72,532
84,532
71,531
61,531
77,530
52,530
59,529
75,528
80,527
67,525
79,524
55,523
83,520
65,520
68,519
86,517
81,512
78,509
106,508
66,506
96,504
90,504
104,502
87,501
115,501
95,501
112,498
94,498
103,497
122,496
97,496
91,495
99,495
100,493
82,493
88,492
85,492
98,490
116,489
111,487
89,487
101,487
92,486
107,485
133,483
117,483
139,482
109,481
105,480
119,474
120,473
93,473
113,471
110,471
118,470
131,470
114,467
125,467
108,466
138,463
126,460
144,460
137,459
135,458
123,456
142,456
154,455
151,455
129,454
134,453
132,453
130,453
136,452
156,452
166,451
127,450
128,449
121,449
141,449
181,448
157,447
124,446
146,444
158,443
163,442
153,441
143,441
155,441
140,441
168,439
162,438
159,438
148,435
145,435
147,434
160,434
169,433
165,433
152,432
201,432
172,429
170,428
150,426
188,426
173,424
203,422
189,421
175,420
149,419
167,419
176,416
196,416
184,415
161,413
186,413
187,413
192,411
180,411
191,410
164,410
197,409
174,409
211,408
177,407
199,407
171,406
195,406
182,404
190,404
179,403
207,403
200,401
183,400
219,399
242,399
251,399
213,399
178,399
202,398
185,398
243,396
215,392
205,390
230,389
232,388
204,386
217,385
193,384
198,384
208,384
194,384
216,384
237,383
224,382
235,382
269,381
210,380
225,380
218,379
212,379
214,378
244,378
223,376
220,376
229,376
209,375
258,375
222,375
252,373
267,372
257,372
270,372
247,371
250,371
241,371
228,371
254,371
261,371
239,371
226,370
245,370
236,369
256,369
234,368
238,365
292,364
286,362
246,362
253,361
231,360
249,359
280,359
206,357
264,357
305,357
227,356
263,356
240,355
233,355
276,354
221,354
265,353
248,351
266,349
260,349
277,348
255,347
268,347
262,346
319,345
259,345
278,345
272,345
281,344
282,343
300,343
275,343
361,341
303,341
309,340
307,340
313,340
324,339
274,339
283,339
285,339
314,338
289,338
273,337
331,337
288,337
295,337
327,337
312,336
335,335
299,335
271,335
290,334
321,334
287,333
325,333
279,333
294,332
378,332
293,332
320,331
296,330
310,330
374,330
347,330
317,329
353,329
284,327
323,326
343,325
322,325
297,325
338,324
301,324
315,324
385,324
336,323
342,323
304,322
328,322
332,322
318,322
362,321
340,321
298,321
334,320
345,320
341,320
344,320
329,319
358,319
306,319
401,319
383,319
395,319
409,318
371,318
316,318
333,318
354,317
311,316
398,316
308,316
367,315
291,314
337,314
339,314
355,314
302,313
387,313
402,313
419,312
384,312
364,312
396,312
370,311
390,311
375,310
420,310
425,309
326,309
369,309
381,308
352,308
421,308
349,308
376,308
365,308
348,307
360,306
386,306
359,306
357,306
351,305
389,305
394,304
405,304
388,304
330,304
397,303
379,303
363,303
415,301
368,300
372,300
426,299
366,299
391,299
443,298
431,298
406,297
382,297
373,297
403,297
350,295
411,294
380,294
432,294
435,293
393,293
433,293
424,293
430,293
413,292
471,292
356,291
445,291
412,291
441,291
429,291
377,290
346,290
410,289
452,289
400,288
417,288
414,288
493,287
440,287
470,286
464,286
392,286
408,286
480,286
437,286
467,285
422,285
472,285
509,285
483,284
407,284
416,284
423,284
476,284
510,283
453,282
475,281
428,281
438,280
399,279
486,279
427,278
418,278
439,277
457,277
485,277
484,277
519,276
465,276
442,276
463,275
507,275
436,275
487,274
434,274
500,274
404,274
444,273
477,273
482,273
494,272
528,272
529,271
448,270
498,270
459,270
447,270
461,269
491,269
462,269
456,269
450,269
449,268
481,268
478,268
458,268
451,268
499,268
490,267
564,267
479,267
513,266
466,266
501,266
488,266
547,266
497,265
560,265
489,264
570,264
568,264
474,264
455,263
495,263
492,262
540,262
551,262
460,262
549,261
508,261
590,261
512,260
525,260
446,259
517,259
520,259
469,258
514,258
521,258
468,258
602,258
538,258
506,257
563,257
598,257
505,256
496,255
530,255
577,255
536,255
550,255
511,255
575,255
532,254
569,254
610,254
553,253
537,253
597,253
504,253
502,253
576,252
594,252
555,252
543,251
524,251
531,251
523,251
541,251
559,251
615,251
574,251
611,251
535,250
503,250
473,250
518,250
558,250
561,250
591,249
589,249
454,249
515,249
522,249
596,249
603,249
552,249
668,248
526,248
573,248
621,248
566,248
534,247
572,247
556,246
567,246
588,246
670,245
545,245
628,245
578,245
583,245
616,245
580,245
647,244
527,244
585,243
674,243
622,242
609,242
587,242
546,242
666,241
593,241
618,241
675,241
604,240
684,240
539,240
533,240
645,240
612,239
617,239
542,239
671,239
648,239
565,239
624,238
649,238
584,238
692,237
614,237
582,237
548,237
516,237
625,236
557,236
672,236
613,236
686,236
691,235
644,234
663,234
586,234
623,234
695,233
605,233
678,233
654,233
660,233
639,233
659,233
620,233
554,233
662,233
657,232
656,232
579,232
653,232
637,232
680,232
679,231
630,231
742,231
600,231
571,231
607,231
658,230
619,230
690,230
601,230
592,230
741,230
669,230
664,230
631,229
646,229
638,229
727,228
698,228
632,228
676,227
703,227
643,227
651,226
655,226
706,226
696,225
595,225
747,225
629,225
636,225
667,224
682,224
731,224
677,224
689,224
641,223
770,223
544,223
694,223
562,223
640,222
673,222
710,222
634,222
650,221
606,221
711,221
713,221
626,221
740,221
729,221
635,220
697,220
702,220
633,220
743,220
726,219
751,219
627,219
581,219
688,219
766,218
642,218
722,218
778,218
769,218
685,218
707,218
661,218
705,218
708,218
715,217
798,217
761,217
734,217
748,217
763,217
779,217
758,216
693,216
683,216
744,216
854,216
725,216
652,216
756,216
665,216
599,215
687,215
835,215
745,214
608,214
704,214
735,214
736,213
709,213
783,213
737,213
746,213
754,212
771,212
681,212
701,212
767,212
832,212
804,212
738,212
718,212
699,211
773,211
750,211
721,211
720,210
777,210
716,208
868,208
752,208
733,208
714,208
774,208
759,208
730,207
800,207
818,207
822,207
892,206
937,206
884,206
784,206
700,206
808,206
788,205
795,204
739,204
772,204
732,204
723,203
799,203
873,203
776,203
719,203
781,203
821,202
878,202
755,202
717,202
712,202
753,201
815,201
768,201
794,201
791,200
789,200
803,200
887,200
877,200
845,200
844,200
775,200
824,200
823,200
765,200
782,200
817,199
724,199
838,199
917,199
749,199
792,199
812,199
728,198
764,198
831,198
780,198
956,198
883,198
801,197
857,197
840,197
816,197
809,197
813,197
820,197
830,197
907,196
906,196
872,196
805,196
903,196
891,196
793,195
825,195
880,195
802,195
839,194
836,194
874,194
910,194
848,194
847,194
786,194
796,194
879,194
785,194
827,194
757,194
762,194
913,193
833,193
829,193
787,193
760,193
867,193
853,193
807,193
811,193
943,192
841,192
932,192
885,192
861,192
814,192
894,192
1013,192
810,192
871,192
828,191
837,191
797,191
1000,191
806,191
900,191
888,191
934,191
790,190
859,190
908,190
958,189
866,189
921,189
977,189
981,189
843,188
991,188
881,188
876,187
849,187
851,187
858,187
919,187
989,187
999,187
984,187
911,186
852,186
846,186
924,186
860,186
928,186
959,185
904,185
954,185
965,185
952,185
962,184
1045,184
971,184
865,184
826,184
819,184
912,184
950,183
1022,183
1027,183
931,183
944,183
863,183
941,183
933,183
901,182
1044,182
949,182
902,182
1033,182
926,182
1067,181
916,181
996,181
995,181
929,181
855,181
980,181
870,181
1009,181
1039,181
1085,180
957,180
940,180
1020,180
882,180
1010,180
1028,180
850,179
1075,179
963,179
938,179
1029,179
920,179
905,179
967,179
914,179
1061,178
987,178
1105,178
869,178
890,178
923,178
856,178
899,178
1059,178
966,178
862,178
948,178
864,178
1032,178
972,178
897,178
889,178
1001,178
886,178
1062,178
1046,177
1050,177
1006,177
973,177
922,177
994,177
993,177
834,177
961,177
982,177
875,176
918,176
974,176
942,176
1052,176
1053,176
1080,176
979,176
898,176
1005,176
1047,175
976,175
1026,175
1018,175
1081,175
1023,175
936,175
1091,175
968,175
1042,175
896,175
947,174
1077,174
939,174
1035,174
927,174
1206,174
1087,174
1088,174
975,174
1071,173
1139,173
1048,173
1008,173
915,173
1007,173
1147,173
964,173
1041,173
1003,173
970,172
978,172
1034,172
1012,172
1011,172
1055,172
842,172
1117,172
1068,172
1167,172
925,172
1118,171
1106,171
895,171
1038,171
945,171
1166,170
960,170
946,170
1103,170
1073,170
935,170
1072,170
1049,170
1066,170
986,170
1065,169
1093,169
1187,169
951,169
1031,169
998,169
953,169
1037,169
1107,169
1040,169
1015,169
1101,169
1113,168
997,168
1002,168
990,168
1036,168
893,167
1099,167
1116,167
1060,167
1104,167
1129,167
1083,167
1186,166
985,166
1076,166
1070,165
1094,165
1153,165
1057,165
1221,165
1158,165
1119,165
1074,165
1090,165
955,165
1021,165
1193,165
1122,164
930,164
909,164
1114,164
1017,164
1237,164
1014,163
992,163
1016,163
1054,163
969,163
1152,163
1210,163
1100,162
1030,162
1143,162
1102,162
1224,162
1123,162
1137,162
1120,162
1084,162
1127,161
1150,161
1109,161
1208,161
1144,161
1056,161
1136,161
988,161
1115,161
1132,161
1211,161
1156,160
1024,160
1079,160
1019,160
1212,160
1134,160
1177,160
1092,159
1256,159
1058,159
1110,159
1227,159
1178,159
1146,159
1171,159
1229,159
1174,158
1051,158
1145,158
1188,158
1194,158
983,158
1154,158
1025,158
1069,158
1086,158
1097,157
1214,157
1078,157
1169,157
1130,157
1063,157
1230,157
1089,156
1111,156
1096,156
1112,156
1196,156
1168,156
1163,156
1234,156
1297,156
1148,156
1151,155
1155,155
1157,155
1135,155
1165,155
1305,155
1141,155
1228,155
1095,154
1121,154
1404,154
1004,154
1252,154
1159,154
1192,154
1205,154
1268,154
1199,153
1239,153
1173,153
1222,153
1098,153
1243,153
1223,153
1140,153
1216,153
1262,152
1175,152
1217,152
1273,152
1043,152
1182,152
1170,152
1125,152
1303,151
1164,151
1124,151
1183,151
1149,151
1284,151
1317,151
1232,151
1236,151
1311,151
1176,151
1189,150
1108,150
1245,150
1131,150
1233,150
1255,150
1215,150
1390,150
1360,150
1291,149
1316,149
1218,149
1160,149
1290,149
1219,149
1266,149
1220,149
1308,149
1181,149
1204,148
1279,148
1238,148
1249,148
1201,148
1282,148
1445,148
1257,148
1231,148
1128,147
1198,147
1295,147
1195,147
1213,147
1209,147
1324,147
1082,147
1340,147
1476,147
1172,147
1334,147
1179,146
1126,146
1429,146
1226,146
1387,146
1315,146
1312,146
1264,146
1133,145
1299,145
1293,145
1319,145
1260,145
1162,145
1276,145
1207,145
1313,145
1304,145
1292,145
1274,145
1424,144
1300,144
1298,144
1323,144
1241,144
1185,144
1265,144
1352,144
1254,144
1325,144
1253,144
1242,144
1200,144
1190,144
1456,144
1371,144
1180,144
1350,143
1247,143
1326,143
1064,143
1286,143
1400,143
1263,143
1296,143
1270,142
1235,142
1342,142
1363,142
1310,142
1349,142
1142,142
1359,142
1563,142
1197,142
1327,142
1438,142
1281,141
1250,141
1389,141
1251,141
1338,141
1138,141
1416,141
1258,140
1272,140
1364,140
1344,140
1393,140
1269,140
1289,140
1261,139
1321,139
1392,139
1362,139
1407,139
1381,139
1474,139
1248,139
1203,139
1225,139
1406,138
1412,138
1378,138
1399,138
1161,138
1366,138
1397,138
1267,138
1301,138
1373,138
1421,137
1538,137
1280,137
1309,137
1383,137
1348,137
1427,137
1396,137
1446,137
1388,137
1240,137
1287,137
1418,137
1365,136
1430,136
1374,136
1368,136
1422,136
1413,136
1351,136
1191,136
1435,136
1375,136
1336,136
1471,135
1285,135
1277,135
1415,135
1358,135
1329,135
1331,135
1184,135
1380,135
1379,135
1361,135
1532,134
1357,134
1288,134
1432,134
1353,134
1307,134
1382,134
1354,134
1543,134
1482,134
1345,133
1246,133
1318,133
1603,133
1320,133
1346,133
1322,133
1385,133
1542,133
1495,133
1458,133
1478,133
1531,133
1459,133
1469,133
1480,133
1244,133
1509,133
1271,133
1314,133
1626,132
1460,132
1437,132
1501,132
1402,132
1510,132
1457,132
1481,132
1585,132
1453,132
1294,132
1343,131
1330,131
1408,131
1398,131
1337,131
1278,131
1414,131
1328,131
1492,131
1302,130
1335,130
1497,130
1376,130
1505,130
1442,130
1395,130
1401,130
1558,130
1455,130
1489,130
1259,130
1574,130
1339,130
1391,129
1333,129
1306,129
1650,129
1452,129
1479,129
1356,129
1377,129
1475,129
1369,129
1332,129
1433,129
1451,129
1370,129
1403,129
1468,128
1580,128
1384,128
1431,128
1520,128
1410,128
1487,128
1552,128
1483,128
1507,128
1586,128
1494,127
1444,127
1372,127
1670,127
1355,127
1470,127
1491,127
1394,127
1275,127
1467,127
1518,127
1568,127
1466,127
1680,127
1202,126
1515,126
1633,126
1488,126
1473,126
1367,126
1498,126
1493,126
1499,126
1587,126
1409,126
1341,126
1425,125
1440,125
1592,125
1423,125
1447,125
1551,125
1450,125
1428,125
1411,125
1554,125
1503,125
1537,125
1441,124
1569,124
1550,124
1486,124
1657,124
1602,124
1571,124
1525,124
1567,124
1641,124
1508,124
1461,124
1534,124
1570,123
1420,123
1684,123
1559,123
1609,123
1601,123
1405,123
1465,123
1606,123
1611,123
1417,123
1634,123
1724,123
1386,123
1607,123
1643,123
1464,122
1513,122
1556,122
1560,122
1502,122
1652,122
1462,122
1496,122
1625,122
1582,122
1485,122
1561,122
1477,122
1638,122
1590,122
1755,122
1575,121
1519,121
1599,121
1598,121
1541,121
1504,121
1662,121
1283,121
1618,121
1555,121
1526,121
1632,121
1645,121
1490,120
1583,120
1448,120
1426,120
1685,120
1527,120
1639,120
1434,120
1443,120
1658,119
1484,119
1591,119
1614,119
1763,119
1578,119
1573,119
1697,119
1577,119
1506,119
1557,119
1659,119
1436,119
1806,119
1524,119
1695,119
1661,119
1667,119
1608,119
1547,119
1734,118
1535,118
1548,118
1584,118
1664,118
1500,118
1671,118
1640,118
1787,118
1605,118
1588,118
1752,118
1522,118
1660,118
1668,118
1536,118
1463,118
1693,118
1564,118
1516,117
1540,117
1617,117
1698,117
1718,117
1581,117
1673,117
1553,117
1449,117
1546,117
1439,117
1419,117
1679,117
1600,116
1791,116
1692,116
1742,116
1610,116
1702,116
1347,116
1619,116
1623,116
1566,116
1733,116
1597,116
1624,116
1731,116
1635,116
1545,115
1472,115
1648,115
1819,115
1596,115
1651,115
1593,115
1579,115
1655,115
1613,115
1511,115
1620,115
1637,115
1521,115
1621,115
1783,115
1454,115
1757,115
1717,115
1691,115
1622,115
1796,115
1710,114
1666,114
1629,114
1831,114
1809,114
1517,114
1729,114
1594,114
1565,114
1549,114
1642,114
1612,114
1683,114
1530,114
1656,114
1544,114
1512,114
1595,113
1604,113
1746,113
1781,113
1701,113
1754,113
1576,113
1774,113
1690,113
1700,113
1770,113
1721,113
1627,113
1811,113
1689,113
1842,113
1682,113
1943,113
1533,112
1723,112
1741,112
1773,112
1529,112
1630,112
1844,112
1735,112
1864,111
1722,111
1715,111
1628,111
1871,111
1862,111
1712,111
1615,111
1777,111
1730,111
1675,111
1562,111
1788,111
1636,111
1646,111
1851,111
1653,111
1714,110
1785,110
1677,110
1765,110
1804,110
1663,110
1854,110
1828,110
1726,110
1868,110
1709,110
1727,110
1848,110
1913,109
1825,109
1572,109
1672,109
1589,109
1696,109
1665,109
1758,109
1707,109
1827,109
1852,108
1644,108
1780,108
1732,108
1766,108
1713,108
1797,108
1739,108
1706,108
1884,108
1878,108
2171,108
1719,108
1705,108
1753,107
1711,107
1523,107
1879,107
1704,107
1841,107
1972,107
1786,107
1760,107
1771,107
1863,107
1687,107
1803,107
1669,107
1881,107
1867,107
1769,107
1775,107
1897,106
1737,106
2031,106
1616,106
2009,106
1779,106
1807,106
1910,106
1647,106
1694,106
1876,106
1674,106
1761,106
1654,105
1676,105
1883,105
1772,105
1873,105
1778,105
1808,105
1528,105
1998,105
1829,105
1834,105
1514,105
1952,105
1860,105
1681,105
1749,105
1861,105
1849,105
1837,104
1994,104
1833,104
1900,104
1944,104
1759,104
1539,104
1822,104
2014,104
1960,104
1738,104
1794,104
1802,104
1888,104
1688,104
1845,104
1678,103
1917,103
1893,103
1901,103
1744,103
1686,103
1956,103
1898,103
1899,103
1720,103
1649,103
1751,103
1817,103
1743,103
1764,103
1941,103
1906,103
1816,103
1800,102
1795,102
2001,102
1978,102
2053,102
1874,102
1850,102
1990,102
1810,102
1951,102
1792,102
1855,102
1866,102
1789,102
1703,102
1957,101
1909,101
1699,101
1820,101
2085,101
1750,101
1768,101
2060,101
1798,101
1756,101
1886,101
2153,100
1984,100
1959,100
1885,100
2011,100
2000,100
1782,100
1745,100
2044,100
1923,100
1905,100
1922,100
1966,100
1748,100
2027,100
2018,100
1974,100
1736,100
1976,100
1869,100
1918,100
1955,99
1767,99
2067,99
1949,99
2068,99
1912,99
2117,99
1716,99
1818,99
1835,99
1805,99
1725,99
1747,99
1784,99
1993,99
1919,99
1859,99
2042,99
1895,99
1942,99
1865,99
1847,99
1838,98
1902,98
1934,98
2081,98
1971,98
1953,98
1954,98
1821,98
1889,98
2204,98
2035,97
2055,97
1870,97
1996,97
1823,97
2074,97
1969,97
2092,97
2350,97
1826,97
2076,97
1857,97
1930,97
2229,97
2125,97
1814,97
1708,97
2124,97
1937,97
1846,97
1947,97
1813,97
1977,97
1840,97
1812,96
1858,96
1839,96
1740,96
2026,96
1853,96
1997,96
1939,96
2183,96
1945,96
1801,96
2033,96
1728,96
1938,96
1799,96
2104,96
1892,96
1928,96
1967,96
2070,96
2086,95
1872,95
1958,95
1793,95
1911,95
1921,95
1830,95
1933,95
1964,95
1991,95
2080,95
1896,95
2072,95
1887,95
2192,95
2032,95
2025,95
2028,95
2138,95
1875,95
1999,95
1877,95
1762,95
1890,95
1790,95
1824,95
1936,95
1986,95
2017,95
1904,95
1987,95
2084,95
1880,94
2013,94
2217,94
1927,94
2099,94
2111,94
2008,94
2064,94
2051,94
1891,94
2021,94
2007,94
2038,94
2050,94
2178,94
2087,94
1989,94
2045,94
2083,94
2257,93
2150,93
2082,93
1894,93
1915,93
2100,93
1946,93
2188,93
2129,93
1980,93
2130,93
1926,93
1932,93
2119,93
1776,93
2320,93
1961,92
2177,92
1843,92
2004,92
1925,92
2002,92
1950,92
2034,92
1856,92
1920,92
2152,92
2041,92
2096,92
2293,92
1940,92
1935,92
2039,92
2020,92
2158,92
2103,92
2168,92
1929,92
1965,92
2189,92
2115,92
2283,91
2131,91
2037,91
2122,91
2048,91
2136,91
2169,91
2147,91
2184,91
2108,91
2187,91
2022,91
2054,91
1908,91
2016,91
2118,91
2010,91
1975,91
2126,90
2140,90
2269,90
1924,90
2374,90
2205,90
1815,90
2258,90
2353,90
1970,90
2149,89
2069,89
1979,89
1903,89
2023,89
2243,89
1914,89
2155,89
2107,89
2091,89
2141,89
2261,89
2222,89
2139,89
2063,89
2247,89
2112,89
2228,89
2231,89
1882,89
2113,89
2174,89
2036,89
2246,89
2114,89
2309,89
2280,89
2059,89
2148,89
2241,89
2015,89
1931,89
2414,88
2249,88
2242,88
1832,88
2043,88
1963,88
2144,88
2049,88
1948,88
1985,88
2166,88
1836,88
2046,88
2057,88
2030,88
2233,88
2240,88
2395,88
2292,88
2089,88
2170,88
2160,87
2333,87
2106,87
1907,87
2216,87
2182,87
2065,87
2225,87
2259,87
2230,87
1983,87
2213,87
2179,87
1916,87
2289,87
2405,87
1981,87
1631,87
2262,87
2342,87
1988,87
2308,87
2310,87
2120,87
2003,87
2202,87
2093,87
2079,87
1962,87
2165,87
2005,87
2073,87
1973,86
2304,86
2123,86
2331,86
2105,86
2207,86
2088,86
2190,86
2181,86
2208,86
2272,86
2156,86
2270,86
2077,86
2024,86
2173,86
2146,86
2239,86
2066,86
2058,86
2194,86
2135,86
1992,86
2110,86
2195,85
2297,85
2161,85
2133,85
2102,85
2318,85
2209,85
2012,85
2436,85
2164,85
2344,85
2358,84
2404,84
2162,84
2154,84
2256,84
2373,84
2071,84
2266,84
2271,84
2324,84
2337,84
2109,84
2095,84
2371,84
2137,84
2175,84
2417,84
2313,84
2334,84
2251,83
2163,83
2359,83
2116,83
1968,83
2361,83
2191,83
2449,83
2172,83
2254,83
2127,83
2299,83
2263,83
2572,83
2040,83
2097,83
2384,83
2201,83
2121,83
2278,83
2180,83
2536,83
2376,83
2295,83
2437,83
2151,83
2244,83
2061,82
2301,82
2348,82
2339,82
2366,82
2252,82
2431,82
2226,82
2413,82
2305,82
2132,82
2047,82
2444,82
2416,82
1982,82
2588,82
2223,82
2346,82
2408,82
2224,82
2186,82
2255,82
2277,82
2338,82
2006,82
2311,82
2143,82
2276,82
2203,82
2236,82
2078,82
2319,82
2237,82
2541,82
2490,81
2377,81
2372,81
2513,81
2349,81
2551,81
2090,81
2368,81
2298,81
2288,81
2425,81
2538,81
2383,81
2378,81
2128,81
2402,81
2612,81
2212,81
2056,81
2443,81
2367,81
2396,81
2291,80
2369,80
2101,80
2322,80
2409,80
2267,80
2134,80
2489,80
2157,80
2274,80
2307,80
2232,80
2285,80
2516,80
2391,80
2268,80
2238,80
2380,80
2098,80
2286,80
2234,80
2197,80
2375,80
2264,80
2326,80
2473,80
2557,80
2273,80
2235,80
2316,80
2656,80
2454,80
2336,80
2352,79
2407,79
2440,79
2094,79
2302,79
2495,79
2253,79
2193,79
2062,79
2312,79
2382,79
2284,79
2658,79
2463,79
2296,79
2392,79
2227,79
2075,79
2345,79
2275,79
2052,79
2176,79
2351,78
2142,78
2206,78
2354,78
2260,78
2509,78
2477,78
2429,78
2335,78
2294,78
2610,78
2547,78
2756,78
2200,78
2534,78
2330,78
2019,78
2215,78
2419,78
1995,78
2574,78
2422,78
2145,78
2211,78
2198,78
2519,78
2500,78
2423,78
2379,78
2355,78
2325,77
2474,77
2343,77
2364,77
2542,77
2573,77
2445,77
2457,77
2328,77
2341,77
2363,77
2219,77
2512,77
2434,77
2537,77
2453,77
2306,77
2643,77
2674,77
2470,77
2461,77
2426,77
2362,77
2327,77
2539,77
2248,77
2329,77
2245,77
2214,76
2460,76
2632,76
2484,76
2482,76
2562,76
2724,76
2522,76
2531,76
2287,76
2441,76
2446,76
2703,76
2480,76
2545,76
2459,76
2199,76
2486,76
2450,76
2196,76
2356,76
2487,76
2167,76
2809,75
2606,75
2626,75
2159,75
2387,75
2511,75
2455,75
2428,75
2458,75
2620,75
2321,75
2651,75
2314,75
2524,75
2400,75
2479,75
2566,75
2488,75
2592,75
2340,75
2469,75
2433,75
2397,75
2609,75
2472,74
2529,74
2323,74
2393,74
2535,74
2614,74
2386,74
2520,74
2381,74
2360,74
2497,74
2418,74
2496,74
2279,74
2553,74
2438,74
2265,74
2697,74
2250,74
2554,74
2221,74
2798,74
2290,74
2439,73
2347,73
2442,73
2618,73
2580,73
2714,73
2456,73
2403,73
2503,73
2421,73
2549,73
2695,73
2598,73
2774,73
2398,73
2394,73
2420,73
2315,73
2427,73
2647,73
2732,73
2430,73
2649,73
2550,73
2281,72
2613,72
2464,72
2504,72
2679,72
2518,72
2412,72
2481,72
2218,72
2594,72
2448,72
2451,72
2185,72
2607,72
2390,72
2559,72
2510,72
2505,72
2507,72
2447,72
2571,72
2665,72
2370,72
2704,72
2406,71
2492,71
2773,71
2668,71
2483,71
2465,71
2564,71
2660,71
2210,71
2682,71
2591,71
2475,71
2560,71
2468,71
2357,71
2452,71
2882,71
2673,71
2568,71
2585,71
2654,71
2748,70
2570,70
2637,70
2548,70
2563,70
2720,70
2622,70
2303,70
2506,70
2717,70
2678,70
2527,70
2759,70
2611,70
2619,70
2589,70
2923,70
2388,70
2583,70
2681,70
2493,70
2738,70
2722,70
2514,70
2770,70
2435,70
2640,70
2558,70
2462,70
2467,70
2220,70
2282,70
2791,70
2385,70
2623,70
2605,70
2528,69
2579,69
2593,69
2793,69
2604,69
2540,69
2731,69
2608,69
2365,69
2730,69
2629,69
2617,69
2687,69
2699,69
2760,69
2904,69
2498,69
2332,69
2317,69
2565,69
2909,69
2494,69
2501,69
2491,69
2499,69
2776,69
2544,69
2627,69
2726,69
2698,69
2300,69
2901,69
2029,69
2411,69
2646,69
2694,69
2556,68
2587,68
2817,68
2797,68
2641,68
2709,68
2628,68
2639,68
2838,68
2652,68
2523,68
2716,68
2761,68
2508,68
2676,68
2578,68
2432,68
2670,68
2821,68
2788,68
2802,68
2521,68
2555,68
2601,68
2596,68
2636,68
2415,68
2478,68
2655,68
2762,68
2599,68
2630,68
2688,68
2638,68
2624,67
2581,67
2543,67
2671,67
2582,67
2476,67
2653,67
2648,67
2621,67
2466,67
2954,67
2801,67
2875,67
2831,67
2740,67
2631,67
2471,67
2780,67
2739,67
3013,67
2705,67
2942,67
2843,67
2840,67
2718,67
2719,67
2485,67
2795,67
2659,67
2869,67
2814,67
3037,67
2569,67
2595,66
2885,66
2663,66
2713,66
2727,66
2860,66
2389,66
2526,66
2696,66
2818,66
2898,66
2785,66
2602,66
2515,66
2859,66
2866,66
2868,66
2642,66
2502,66
2684,66
2634,66
2786,66
2796,66
2848,65
2532,65
2880,65
2864,65
2410,65
2781,65
3086,65
2644,65
2690,65
3053,65
2675,65
2935,65
2603,65
3007,65
2830,65
2807,65
2883,65
2708,65
2879,65
2855,65
2635,65
2822,65
2533,65
2750,65
2661,65
2886,65
2733,65
2915,65
2928,65
2930,65
3061,65
3019,64
2816,64
2861,64
2910,64
2922,64
2847,64
2877,64
2828,64
2972,64
3034,64
3023,64
3092,64
2890,64
2878,64
2586,64
2819,64
2871,64
2778,64
2747,64
2650,64
2735,64
2823,64
2825,64
2892,64
2662,64
2683,64
2517,64
2763,64
2965,64
2949,64
2736,64
2833,63
2783,63
2575,63
3056,63
2401,63
2913,63
2707,63
2667,63
2424,63
2957,63
2712,63
2800,63
2950,63
2597,63
2757,63
2691,63
2728,63
2985,63
2546,63
2567,63
3049,63
2792,63
2561,63
2803,63
3099,63
2805,63
3001,63
2782,63
2692,63
2777,63
2767,63
2525,63
2837,63
2685,63
3045,63
2590,63
3080,62
2937,62
2701,62
2841,62
3244,62
2744,62
2616,62
2874,62
3068,62
2725,62
2896,62
3090,62
3009,62
2806,62
2680,62
3121,62
2824,62
3031,62
2399,62
2962,62
2968,62
2755,62
2779,62
2723,62
2530,62
2715,62
2986,62
2884,62
2766,62
2737,62
3038,62
3060,62
2981,61
2584,61
2872,61
2764,61
2820,61
2844,61
2711,61
3035,61
2752,61
2702,61
2721,61
2615,61
2729,61
2576,61
3050,61
2888,61
2944,61
2934,61
3104,61
2751,61
2846,61
2865,61
2996,61
2912,61
3064,61
3174,61
2849,61
2765,61
2552,61
2900,61
2853,61
3146,61
2753,61
2808,61
2689,61
2625,61
2955,61
2790,61
2834,61
3101,61
2876,60
2804,60
2948,60
2931,60
2893,60
2992,60
2963,60
3020,60
2918,60
2921,60
3005,60
2952,60
3170,60
2899,60
2827,60
2784,60
2600,60
2666,60
2577,60
3004,60
2799,60
3115,60
2815,60
2710,60
2857,60
2812,60
2958,60
2856,60
2961,60
2973,60
2852,60
2979,60
2971,60
2741,60
2858,60
2693,60
2657,60
3079,59
3003,59
3055,59
3260,59
2758,59
3135,59
2706,59
3076,59
3040,59
2969,59
2946,59
3103,59
3021,59
3142,59
2936,59
2645,59
3084,59
2998,59
2839,59
2829,59
2933,59
3152,59
2926,59
3044,59
3208,59
2775,59
2988,59
2794,59
2887,59
2976,59
2836,59
2811,59
2903,59
2826,59
2772,59
2862,59
2863,59
3133,59
3278,59
2813,59
2850,59
2734,58
2672,58
2964,58
2925,58
2664,58
3242,58
3120,58
3000,58
2895,58
2907,58
3027,58
2889,58
2902,58
2771,58
2845,58
3081,58
2966,58
3116,58
2867,58
3236,58
3016,58
3097,58
3051,58
2768,58
3032,58
2956,58
2939,58
2832,58
2980,58
2906,57
2920,57
2916,57
2919,57
3138,57
2994,57
2789,57
3253,57
3217,57
3119,57
2669,57
3030,57
2835,57
2742,57
3012,57
2932,57
2700,57
3094,57
3073,57
2745,57
3176,57
2905,57
2924,57
3105,57
3087,56
3008,56
2990,56
2749,56
3285,56
2746,56
2959,56
2787,56
2983,56
2929,56
3062,56
3258,56
2945,56
3197,56
3144,56
3194,56
3233,56
3159,56
3048,56
3089,56
3118,56
3259,56
3291,56
3168,56
2970,56
3041,56
3203,56
3128,56
2908,56
3022,56
3026,56
3196,56
3188,56
3059,56
2991,55
3063,55
3085,55
2999,55
3002,55
3088,55
2851,55
3117,55
2927,55
3065,55
2978,55
2967,55
3043,55
2677,55
3180,55
3078,55
3024,55
2997,55
3126,55
3127,55
3077,55
2769,55
3145,55
3268,55
3213,55
3264,55
3109,55
3257,55
3124,55
3303,55
2914,55
2974,55
3227,55
3162,55
2960,55
3147,55
3256,54
3360,54
3185,54
3158,54
3262,54
3198,54
2810,54
2938,54
3112,54
3014,54
3006,54
3125,54
2943,54
3358,54
3134,54
3139,54
3223,54
2993,54
3018,54
3187,54
2982,54
3025,54
3225,54
3042,54
3248,54
3175,54
2984,54
3129,54
3211,54
3190,53
3165,53
3039,53
3200,53
3017,53
3046,53
2870,53
3215,53
3241,53
3183,53
3403,53
3136,53
2881,53
3036,53
2873,53
2917,53
3058,53
2975,53
2987,53
3028,53
3444,53
2686,53
3072,53
3290,53
2743,53
3169,53
2911,53
3010,53
2842,53
3296,53
3177,53
3440,53
3083,53
2754,53
3318,53
3011,53
3266,53
2894,52
3111,52
3199,52
3471,52
3052,52
3344,52
3181,52
2951,52
3148,52
3093,52
3279,52
3271,52
3210,52
3143,52
3410,52
3189,52
3502,52
3297,52
3164,52
3506,52
3255,52
3319,52
3179,52
3123,52
3483,52
3348,52
3346,52
3384,52
3443,52
3312,52
3336,52
2633,52
3173,52
3184,52
3140,52
3161,52
3106,52
3155,52
3247,52
3261,52
3270,52
3281,52
3237,52
2897,52
3530,51
3226,51
3467,51
3617,51
3131,51
2854,51
3404,51
3066,51
3301,51
3206,51
3276,51
3526,51
3357,51
3314,51
3191,51
3269,51
3141,51
2891,51
3330,51
3220,51
3224,51
3122,51
3015,51
3178,51
3082,51
3132,51
3167,51
3130,51
3293,51
3235,51
3451,51
3202,51
3100,51
3321,51
2953,51
3212,50
3110,50
3033,50
2977,50
3294,50
3351,50
3071,50
3216,50
2989,50
3396,50
3371,50
3589,50
3274,50
3417,50
3386,50
3593,50
3428,50
3409,50
3306,50
3113,50
3349,50
3114,50
3340,50
3299,50
3214,50
3238,50
3047,50
3166,50
3332,50
3192,50
2995,50
3310,50
3363,50
3300,50
3195,50
3487,50
3361,50
3328,50
3074,50
2941,50
3478,49
3246,49
3442,49
3520,49
3322,49
3482,49
3315,49
3151,49
3137,49
3354,49
3462,49
3393,49
3095,49
3335,49
3397,49
3476,49
3394,49
3427,49
3532,49
3205,49
3503,49
3590,49
2940,49
3320,49
3193,49
3273,49
3221,49
3283,49
3232,49
3163,49
3277,49
3341,49
3070,49
3484,49
3218,49
3219,49
3289,49
3576,49
3406,49
3465,49
3228,49
3455,48
3352,48
3408,48
3054,48
3156,48
3369,48
3364,48
3586,48
3154,48
3157,48
3498,48
3523,48
3324,48
3579,48
3309,48
3373,48
3508,48
3284,48
3461,48
3182,48
3229,48
3326,48
3422,48
3656,48
3150,48
3529,48
3598,48
3458,48
3298,48
3491,48
3544,48
3345,48
3292,48
3251,48
3267,48
3438,48
3485,48
3754,48
3437,48
3474,48
3597,48
3091,48
3613,48
3372,47
3441,47
3383,47
3323,47
3350,47
3717,47
3433,47
3500,47
3153,47
3712,47
3265,47
3288,47
3402,47
3107,47
2947,47
3367,47
3339,47
3701,47
3378,47
3272,47
3567,47
3239,47
3209,47
3204,47
3102,47
3456,47
3374,47
3477,47
3662,47
3411,47
3546,47
3616,47
3391,47
3207,47
3649,47
3234,47
3108,47
3313,47
3029,47
3381,47
3401,47
3561,46
3495,46
3739,46
3663,46
3377,46
3376,46
3282,46
3418,46
3601,46
3639,46
3057,46
3098,46
3201,46
3490,46
3661,46
3507,46
3448,46
3171,46
3295,46
3160,46
3280,46
3240,46
3067,46
3435,46
3307,46
3611,46
3849,46
3844,46
3338,46
3245,46
3536,46
3637,46
3325,46
3540,46
3243,46
3388,46
3342,46
3468,46
3399,46
3675,46
3426,46
3096,46
3514,46
3359,46
3480,46
3353,46
3429,46
3430,46
3389,46
3343,46
3069,46
3407,46
3447,46
3475,46
3375,46
3708,46
3559,45
3382,45
3493,45
3547,45
3286,45
3524,45
3513,45
3929,45
3499,45
3632,45
3347,45
3457,45
3889,45
3488,45
3075,45
3516,45
3602,45
3421,45
3777,45
3515,45
3432,45
3729,45
3587,45
3522,45
3305,45
3450,45
3749,45
3660,45
3355,45
3316,45
3249,45
3582,45
3671,45
3718,45
3252,45
3431,45
3275,45
3556,45
3533,45
3231,45
3466,44
3509,44
3762,44
3416,44
3565,44
3876,44
3172,44
3802,44
3327,44
3263,44
3412,44
3317,44
3818,44
3489,44
3668,44
3610,44
3423,44
3638,44
3539,44
4001,44
3644,44
3570,44
3592,44
3720,44
3470,44
3609,44
3738,44
3446,44
3287,44
3420,44
3398,44
3707,44
3643,44
3454,44
3541,44
3329,44
3492,44
3575,44
3413,44
3459,44
3337,44
3711,43
3684,43
3562,43
3645,43
3537,43
3764,43
3549,43
3308,43
3545,43
3333,43
3806,43
3585,43
3991,43
3387,43
3464,43
3302,43
3636,43
3511,43
3419,43
3670,43
3797,43
3331,43
3628,43
3400,43
3608,43
3473,43
3445,43
3641,43
3809,43
3621,43
3481,43
3605,43
3452,43
3676,43
3721,43
3808,43
3436,43
3518,43
3629,43
4007,43
3542,43
3439,43
3821,43
3799,43
3379,42
3563,42
3716,42
3826,42
3672,42
3531,42
3519,42
3479,42
3494,42
3957,42
3362,42
3705,42
3424,42
3763,42
3618,42
3698,42
3733,42
3568,42
3868,42
3756,42
3825,42
3658,42
3943,42
3834,42
3769,42
3510,42
3449,42
3690,42
3311,42
3687,42
3222,42
3385,42
3652,42
3667,42
3682,42
3504,42
3700,42
3736,42
3591,42
3596,42
3595,42
3772,42
3538,42
3552,42
3603,42
3727,42
3390,42
3666,42
3250,42
3677,42
3571,41
3778,41
3767,41
3366,41
3731,41
3776,41
3859,41
3908,41
3647,41
3460,41
3688,41
3634,41
3149,41
3588,41
4062,41
3612,41
3686,41
3395,41
4035,41
3921,41
3551,41
3999,41
3903,41
3640,41
3790,41
3558,41
3796,41
3606,41
3653,41
3370,41
3856,41
3673,41
3814,41
3874,41
3517,41
4047,41
3748,41
3584,41
3635,41
3901,41
3425,41
3683,41
3555,41
3862,41
3633,41
4010,41
4000,40
3830,40
3899,40
3304,40
3958,40
3505,40
3757,40
3770,40
3905,40
3803,40
3787,40
3788,40
3566,40
3669,40
3334,40
3864,40
3800,40
3655,40
3952,40
4006,40
3230,40
3931,40
3704,40
3692,40
3832,40
3887,40
3380,40
3496,40
4069,40
3785,40
3939,40
3368,40
3679,40
3620,40
3573,40
4175,40
3848,40
3665,40
3486,40
3689,40
3569,40
3615,40
3469,40
3512,40
3930,40
3557,40
3622,40
3527,40
3650,40
3766,40
3535,40
4012,40
3583,40
3758,40
3574,39
4155,39
3761,39
3946,39
3604,39
3501,39
3782,39
3497,39
3624,39
3838,39
3792,39
4042,39
3884,39
3392,39
3678,39
3842,39
3578,39
3521,39
3680,39
3723,39
4052,39
3784,39
3746,39
3795,39
3726,39
3186,39
3894,39
3651,39
3699,39
4083,39
3415,39
3560,39
3614,39
3817,39
4270,39
3885,39
3971,39
3534,39
3735,39
3646,39
3775,39
3630,39
4260,39
3807,39
3472,39
3824,39
3916,39
3789,39
3715,39
3434,39
3835,39
3811,39
3829,39
4186,39
4018,38
4071,38
3543,38
3779,38
3865,38
4188,38
3833,38
3823,38
4156,38
3963,38
3664,38
3691,38
4013,38
3759,38
3755,38
3827,38
3791,38
3786,38
3626,38
3694,38
3965,38
3405,38
4054,38
3730,38
4116,38
3948,38
3753,38
3254,38
4022,38
3893,38
3794,38
3934,38
3913,38
3525,38
3918,38
3773,38
3356,38
3845,38
3872,38
3703,38
3976,38
3554,38
3846,38
3941,38
3909,38
3600,38
3654,38
3822,38
3850,38
3463,38
3992,38
3964,37
4025,37
4352,37
3548,37
3839,37
4365,37
3870,37
3744,37
3750,37
3926,37
3955,37
3745,37
3783,37
4279,37
3815,37
3793,37
4122,37
3714,37
4023,37
3923,37
3732,37
4075,37
3897,37
3648,37
3880,37
3742,37
3819,37
3852,37
4048,37
3709,37
3781,37
4127,37
4003,37
3969,37
3898,37
3627,37
3743,37
3933,37
3877,37
3581,37
4084,37
3873,37
3619,37
3740,36
3950,36
3980,36
4032,36
3695,36
3528,36
3836,36
3453,36
3944,36
3625,36
3895,36
4191,36
3912,36
4114,36
4267,36
3414,36
3805,36
3752,36
3896,36
4232,36
3932,36
3577,36
3768,36
3988,36
3837,36
4356,36
3925,36
4125,36
3685,36
4197,36
4123,36
3657,36
3853,36
3959,36
4034,36
3623,36
3936,36
3724,36
3855,36
4036,36
3674,36
3681,36
4024,36
3693,36
3828,36
3878,36
4292,36
3949,36
4076,36
4014,36
3904,36
3882,36
3719,36
4131,36
3975,36
3771,36
3599,35
3915,35
3713,35
3798,35
4031,35
4382,35
3986,35
3928,35
3840,35
3810,35
3951,35
3564,35
3883,35
4011,35
4135,35
3972,35
3550,35
4088,35
4391,35
4033,35
3900,35
4097,35
4004,35
4077,35
3734,35
3831,35
4058,35
3741,35
3365,35
4247,35
3702,35
4214,35
3580,35
4029,35
3989,35
3774,35
4371,35
4098,35
3867,35
3914,35
4046,35
3710,35
4130,35
3607,35
4109,34
4019,34
3942,34
4008,34
3993,34
3843,34
4086,34
3906,34
3977,34
3725,34
3863,34
3728,34
3851,34
3953,34
3812,34
4121,34
4081,34
3922,34
3804,34
4218,34
4163,34
4016,34
3861,34
4398,34
4172,34
3572,34
3881,34
4117,34
4195,34
4603,34
4265,34
4133,34
3978,34
4208,34
4261,34
3706,34
3917,34
3987,34
3722,34
4026,34
3902,34
4160,34
3935,34
4040,34
3920,34
3801,34
4056,34
4061,34
4063,34
4005,34
3751,34
4051,34
3924,34
4144,34
3910,34
3990,34
3940,34
4171,34
3847,34
4467,34
4317,33
4315,33
4107,33
4417,33
4159,33
3642,33
4049,33
3886,33
4059,33
4369,33
4149,33
4335,33
4134,33
4074,33
4308,33
4236,33
3737,33
4526,33
4174,33
4105,33
3631,33
4209,33
3892,33
4244,33
4091,33
4339,33
4154,33
4669,33
4425,33
4282,33
4280,33
4489,33
3869,33
4251,33
3973,33
4205,33
4284,33
4216,33
3984,33
4119,33
3907,33
4021,33
4200,33
3816,33
3871,33
4207,33
3927,33
4276,33
4120,33
4325,33
3697,33
4141,33
3594,33
4055,33
4146,33
4103,33
4530,33
4300,33
4229,33
4320,33
3860,33
3879,33
3961,33
4157,33
4053,33
4606,33
4043,33
4030,33
3841,33
4192,33
4158,33
4196,33
4235,33
3962,33
3820,33
4239,32
4319,32
4167,32
4523,32
4314,32
4381,32
4179,32
4185,32
4565,32
4151,32
4101,32
4341,32
4440,32
3956,32
4115,32
4583,32
4649,32
3875,32
3947,32
4256,32
4343,32
4353,32
3945,32
4067,32
4170,32
3857,32
4485,32
4708,32
4044,32
4136,32
4313,32
4299,32
4079,32
4230,32
4524,32
3995,32
4328,32
4338,32
3985,32
4287,32
4142,32
4106,32
4428,32
3866,32
3919,32
4102,32
4020,32
4497,32
3813,32
3888,32
4426,32
4015,32
3970,32
4104,32
4201,32
3983,32
4210,32
4085,32
4166,32
3981,32
4316,32
4204,31
4224,31
3979,31
4330,31
4376,31
3996,31
4215,31
4546,31
4491,31
4601,31
4002,31
4414,31
4128,31
4028,31
3891,31
4468,31
4111,31
4384,31
4453,31
4446,31
4479,31
4595,31
4143,31
4351,31
4050,31
4368,31
4112,31
4357,31
3659,31
4017,31
4340,31
4178,31
4447,31
4184,31
4073,31
3765,31
4380,31
4350,31
4093,31
4068,31
4153,31
4145,31
4312,31
4305,31
4459,31
4302,31
4217,31
4037,31
4138,31
4089,31
4406,31
4537,31
4168,31
4409,31
4222,31
4336,31
4194,31
4291,31
4492,31
4041,31
4521,31
4348,31
4605,31
4671,30
4484,30
3553,30
4206,30
4736,30
4421,30
4250,30
4458,30
4164,30
4394,30
4259,30
4415,30
4065,30
4422,30
4140,30
3937,30
4531,30
4562,30
4057,30
4268,30
4327,30
4221,30
4027,30
4038,30
3858,30
3747,30
4237,30
3997,30
4408,30
4318,30
4045,30
4132,30
4243,30
4585,30
4258,30
4274,30
3967,30
4009,30
4438,30
4100,30
4066,30
4522,30
4622,30
4430,30
4441,30
4602,30
4473,30
4294,30
3994,30
4307,30
4615,30
4450,30
4199,30
4189,30
4252,30
4614,30
4322,30
4165,30
4309,30
4095,30
4538,30
4366,30
4460,30
4764,30
4039,30
4087,30
4558,30
4148,30
4241,30
4177,30
4650,30
4147,30
4796,30
4064,29
4482,29
4203,29
4387,29
4289,29
4092,29
4161,29
4277,29
4070,29
4072,29
4288,29
4539,29
4847,29
4211,29
4278,29
4310,29
4746,29
4254,29
4502,29
4233,29
4202,29
3954,29
4471,29
4290,29
4096,29
4507,29
4334,29
4509,29
4402,29
4110,29
4190,29
4226,29
4373,29
4108,29
3966,29
4187,29
4246,29
3938,29
4510,29
4420,29
4311,29
4470,29
4617,29
3960,29
4486,29
4612,29
4162,29
4137,29
4596,29
4533,29
3974,29
4411,29
4361,29
4078,29
4568,29
4419,29
4337,29
4126,29
3911,28
4429,28
4829,28
4465,28
4231,28
4326,28
3696,28
4416,28
4456,28
4378,28
4297,28
4248,28
4392,28
4359,28
4173,28
4643,28
3780,28
4182,28
4298,28
4273,28
4455,28
4228,28
4555,28
4478,28
4434,28
4758,28
4820,28
4262,28
4487,28
4527,28
4525,28
4249,28
4183,28
4060,28
4118,28
4080,28
4952,28
4703,28
4582,28
4427,28
4342,28
4219,28
4519,28
4443,28
4124,28
4598,28
4150,28
4493,28
3760,28
4169,28
4363,28
4490,28
4266,28
4480,28
4660,28
4344,28
3982,28
4658,28
4400,28
4255,28
4515,28
4974,28
4802,28
4303,28
4296,28
4090,28
4744,28
4474,28
4439,28
4180,28
4500,28
4852,28
4437,27
4227,27
4306,27
4604,27
4386,27
4285,27
4483,27
4627,27
4534,27
4257,27
4642,27
4716,27
4234,27
4506,27
4508,27
4869,27
4435,27
4355,27
4980,27
4665,27
4784,27
4388,27
4451,27
4874,27
4685,27
5013,27
4225,27
4677,27
4358,27
4688,27
4301,27
4718,27
4753,27
4264,27
4374,27
4238,27
4569,27
4372,27
4176,27
4587,27
4393,27
4412,27
3890,27
4475,27
4457,27
4579,27
4503,27
5069,27
4464,27
4396,27
4410,27
4269,27
4413,27
4286,27
4640,27
4719,27
4324,27
4770,27
4550,27
3854,27
4561,27
4666,27
4329,27
4113,27
4346,27
4445,27
4624,27
4432,27
4946,27
4536,27
4469,27
4597,27
4570,27
4242,27
4332,27
4517,27
4600,27
3968,27
4304,26
4715,26
4399,26
4636,26
4554,26
4732,26
4613,26
4099,26
4375,26
4275,26
4552,26
4462,26
4512,26
4723,26
4495,26
4741,26
4477,26
4518,26
4549,26
4637,26
4082,26
4321,26
4472,26
4634,26
4461,26
4668,26
4692,26
4466,26
4940,26
4220,26
4917,26
4808,26
4700,26
4331,26
4364,26
4729,26
4529,26
4423,26
5008,26
4212,26
4360,26
4663,26
4496,26
4379,26
4821,26
4638,26
4395,26
4385,26
4295,26
4476,26
4690,26
4347,26
4564,26
4181,26
4557,26
4646,26
5007,26
4878,26
4777,26
4644,26
4349,26
4213,26
4698,26
4253,26
4826,26
4863,26
4545,25
4851,25
4816,25
4918,25
4573,25
4850,25
4856,25
4377,25
4333,25
4594,25
4504,25
4793,25
5095,25
4837,25
4727,25
4773,25
4670,25
4817,25
4825,25
4923,25
4648,25
4822,25
4725,25
4678,25
5086,25
4701,25
4198,25
4571,25
4776,25
4846,25
5188,25
4626,25
4775,25
4818,25
4936,25
4618,25
4611,25
4972,25
4621,25
4731,25
3998,25
4885,25
4844,25
5247,25
4647,25
4792,25
4794,25
4367,25
4152,25
4674,25
4407,25
4514,25
4672,25
4551,25
4588,25
4556,25
4383,25
5006,25
4948,25
4511,25
4559,25
4580,25
4528,25
4868,25
4676,25
4742,25
4424,25
4686,25
4705,25
4572,25
4838,25
4664,25
4779,25
4240,25
5003,25
4129,25
4584,25
4370,25
4516,25
4193,25
4717,25
4433,25
4403,25
4963,24
4494,24
4578,24
5123,24
4978,24
4680,24
4786,24
4662,24
4734,24
4737,24
4656,24
4223,24
4271,24
5112,24
4969,24
4654,24
4639,24
4795,24
4449,24
4747,24
4713,24
4513,24
4293,24
5144,24
4563,24
4655,24
4354,24
4541,24
4139,24
4574,24
4745,24
4750,24
4791,24
5011,24
4976,24
4625,24
4766,24
4995,24
4599,24
4683,24
5049,24
4954,24
4548,24
5059,24
4362,24
4748,24
4540,24
4659,24
4757,24
4942,24
4785,24
4702,24
5168,24
4616,24
4693,24
5082,24
4501,24
4909,24
4911,24
4418,24
4840,24
4575,24
4931,24
4763,24
4390,24
4436,24
4867,24
4934,24
4738,24
4861,24
4871,24
4706,24
4673,24
4697,24
4593,24
4444,24
4532,24
4884,24
4945,24
4971,24
4629,24
4833,24
4789,24
4431,23
4720,23
4772,23
4965,23
4630,23
4932,23
5344,23
4345,23
4576,23
4893,23
4787,23
4712,23
4959,23
5146,23
4488,23
4632,23
5040,23
4577,23
5232,23
4914,23
4620,23
4739,23
5100,23
5001,23
4657,23
4609,23
4762,23
4653,23
4830,23
4591,23
4865,23
4281,23
4283,23
4761,23
4696,23
4886,23
4960,23
4782,23
4956,23
4924,23
4389,23
4913,23
5270,23
5014,23
4724,23
4907,23
5030,23
4651,23
4771,23
4902,23
4774,23
5228,23
4553,23
5004,23
4733,23
5062,23
5269,23
4442,23
4842,23
4860,23
5028,23
4730,23
4754,23
4401,23
4566,23
5552,23
4094,22
5023,22
4619,22
4944,22
5272,22
4984,22
4397,22
5230,22
4819,22
4755,22
5058,22
5245,22
4920,22
4610,22
4560,22
4853,22
5173,22
4827,22
4859,22
5177,22
5165,22
4667,22
5133,22
4809,22
4951,22
5254,22
4781,22
4987,22
4824,22
4689,22
4699,22
4806,22
5009,22
4661,22
4635,22
4498,22
5107,22
4743,22
4759,22
4452,22
5222,22
4804,22
4589,22
5317,22
4904,22
5128,22
4760,22
5212,22
4735,22
4749,22
4590,22
5206,22
5305,22
4481,22
4756,22
5523,22
5277,22
4929,22
4801,22
5332,22
5147,22
4925,22
4831,22
5091,22
5376,22
4608,22
4263,22
5468,22
4783,22
4926,22
4873,22
4623,22
5105,22
5057,22
5329,22
5221,22
4880,22
4883,22
4962,22
5015,22
4957,22
4404,22
5032,22
4805,22
4499,22
5066,22
5301,22
4710,22
5157,22
5219,22
5412,22
4843,22
4910,22
4520,22
4505,22
4877,22
4682,22
4694,22
5039,22
4939,22
4862,21
5203,21
4645,21
5126,21
5083,21
5280,21
5535,21
5116,21
5262,21
5087,21
4899,21
5345,21
4607,21
5055,21
5018,21
5135,21
5130,21
4866,21
5210,21
5167,21
5172,21
5060,21
4872,21
4992,21
5244,21
5138,21
5199,21
4933,21
4684,21
4814,21
5017,21
4454,21
5134,21
5162,21
4542,21
5078,21
4323,21
5718,21
5046,21
4949,21
5118,21
4726,21
5314,21
4898,21
5186,21
4908,21
4543,21
4681,21
5117,21
4892,21
4448,21
4707,21
5074,21
5072,21
4903,21
5121,21
4272,21
5200,21
5142,21
4901,21
5213,21
5398,21
4915,21
5346,21
4652,21
4812,21
5143,21
4813,21
4828,21
5242,21
4767,21
5395,21
4631,21
5216,21
4916,21
5184,21
4768,21
4721,21
5033,21
5098,21
4997,21
5205,21
5445,21
4905,21
5303,21
4810,21
4993,21
5306,21
4968,21
5070,21
5140,21
5111,21
4943,21
5263,21
5064,20
5198,20
5137,20
5424,20
5540,20
5532,20
5260,20
5101,20
5179,20
4981,20
5324,20
4983,20
5246,20
5154,20
4807,20
5333,20
4922,20
5010,20
5415,20
4998,20
5061,20
5712,20
5226,20
5319,20
5471,20
5237,20
5378,20
4854,20
5038,20
4691,20
5573,20
5686,20
5149,20
4879,20
4798,20
4803,20
5285,20
5367,20
4586,20
5119,20
4790,20
5016,20
5026,20
5441,20
5025,20
4887,20
4896,20
4752,20
5414,20
5185,20
4975,20
4855,20
4687,20
5125,20
5104,20
4928,20
5163,20
5525,20
5120,20
5243,20
5189,20
5029,20
5050,20
4897,20
4875,20
4849,20
4675,20
5296,20
4834,20
5178,20
4895,20
5517,20
5726,20
5034,20
4921,20
5422,20
5053,20
5197,20
5187,20
5241,20
5150,20
4999,20
5048,20
5136,20
5379,20
5056,20
5369,20
5399,20
4799,20
5166,20
4836,20
5207,20
4815,20
4722,20
5155,20
5229,20
5501,20
5215,20
4788,20
5024,19
4800,19
5093,19
4888,19
5292,19
5068,19
5297,19
5257,19
5433,19
4823,19
5665,19
4988,19
5281,19
5253,19
4912,19
5238,19
5700,19
5377,19
5122,19
5169,19
5419,19
5077,19
4937,19
5311,19
4245,19
5220,19
5478,19
5387,19
5027,19
5193,19
5175,19
5411,19
5428,19
5194,19
5084,19
5202,19
5453,19
5653,19
5065,19
4811,19
5647,19
5358,19
5043,19
5124,19
5012,19
4979,19
5114,19
5092,19
5233,19
4958,19
4704,19
4567,19
5288,19
5578,19
5334,19
5181,19
5315,19
5598,19
4876,19
5463,19
4890,19
5183,19
5335,19
4740,19
5364,19
5132,19
5080,19
5174,19
5386,19
5448,19
5354,19
5490,19
4955,19
5102,19
4581,19
5278,19
4641,19
4592,19
4947,19
5035,19
4882,19
5511,19
4919,19
5170,19
5139,19
4967,19
5526,19
5000,19
4463,19
5152,19
4709,19
5418,19
4832,19
5327,19
5336,19
4547,19
4986,19
5638,19
5440,19
4941,19
5271,19
5041,19
4858,19
4765,19
4714,19
5159,19
5094,18
4994,18
5273,18
5355,18
5496,18
5115,18
5037,18
5342,18
5075,18
5309,18
5325,18
4894,18
5223,18
4938,18
5470,18
5390,18
5409,18
5432,18
5127,18
5600,18
4778,18
5005,18
5258,18
4711,18
5225,18
5339,18
5765,18
5180,18
5298,18
5338,18
5360,18
5406,18
5264,18
5769,18
5449,18
4679,18
4996,18
5196,18
5054,18
5462,18
5158,18
5550,18
5442,18
4870,18
4839,18
4953,18
4906,18
5021,18
5488,18
5323,18
5282,18
5002,18
4889,18
4977,18
5141,18
5405,18
5402,18
4633,18
4964,18
5380,18
5047,18
5413,18
4930,18
5250,18
4991,18
5543,18
5326,18
4848,18
4950,18
5580,18
5151,18
5657,18
5131,18
5073,18
5481,18
5494,18
5824,18
4857,18
5320,18
4881,18
5268,18
4544,18
5284,18
5696,18
5702,18
5256,18
5330,18
5555,18
4405,18
5218,18
5407,18
5302,18
4935,18
5290,18
5289,18
5148,18
5348,18
5300,18
4751,18
5340,18
5420,18
5427,18
5089,18
5251,18
5022,18
5267,18
5353,18
5605,18
4797,18
5287,18
4535,18
5063,18
5274,18
5497,18
5276,18
4769,18
5321,17
4841,17
4990,17
5322,17
5195,17
5520,17
5619,17
5624,17
4961,17
5076,17
5542,17
5401,17
4900,17
5019,17
5361,17
4845,17
5774,17
5310,17
5429,17
5381,17
5917,17
5350,17
5576,17
5669,17
5563,17
5363,17
5081,17
5425,17
5648,17
5090,17
5612,17
5316,17
5597,17
5549,17
5466,17
5252,17
5586,17
5690,17
5108,17
5515,17
5591,17
5547,17
5410,17
5191,17
5067,17
5372,17
5499,17
5393,17
5815,17
5465,17
4970,17
5161,17
5368,17
5036,17
5446,17
5475,17
5528,17
5434,17
5085,17
5483,17
5231,17
5129,17
5730,17
5507,17
5643,17
5318,17
5265,17
5855,17
5514,17
5574,17
5518,17
5313,17
5510,17
5476,17
4780,17
5628,17
5275,17
5479,17
5351,17
5110,17
5474,17
5096,17
5106,17
5160,17
5234,17
5031,17
5472,17
5403,17
5079,17
4966,17
4989,17
5208,17
5544,17
5627,17
5704,17
5509,17
4891,17
5776,17
5760,17
5536,17
5423,17
5741,17
5417,17
5266,17
5099,17
5373,17
5720,17
5464,17
5293,17
5944,16
5097,16
5214,16
5652,16
5109,16
5421,16
5562,16
5044,16
5988,16
5382,16
5239,16
5455,16
5436,16
5838,16
6006,16
5610,16
5864,16
5236,16
5217,16
5545,16
5656,16
5224,16
5708,16
5531,16
5862,16
5772,16
5790,16
5051,16
4628,16
5349,16
5606,16
5585,16
5572,16
5156,16
5451,16
5558,16
5359,16
5308,16
5770,16
5426,16
5343,16
5698,16
5312,16
5763,16
5480,16
5503,16
4927,16
5959,16
5777,16
5176,16
5807,16
4864,16
5365,16
5385,16
5458,16
5452,16
5739,16
5477,16
5304,16
5614,16
5603,16
5524,16
5209,16
5546,16
5201,16
5171,16
5331,16
4973,16
5931,16
5834,16
5640,16
5854,16
5589,16
5389,16
5608,16
5692,16
5713,16
5980,16
4728,16
5461,16
5601,16
5746,16
5839,16
5533,16
5556,16
5602,16
5662,16
5715,16
5646,16
4695,16
5622,16
5870,16
5727,16
5473,16
5584,16
5394,16
5211,16
5925,16
5623,16
5703,16
5548,16
5986,15
5789,15
5506,15
5911,15
6000,15
5408,15
5757,15
5541,15
5754,15
5894,15
5615,15
5639,15
5486,15
5978,15
5145,15
5820,15
5042,15
5283,15
5295,15
5374,15
5678,15
5781,15
5885,15
5435,15
5498,15
5856,15
5299,15
5538,15
5738,15
5812,15
5502,15
5887,15
5467,15
5113,15
4982,15
5840,15
5493,15
5719,15
5352,15
5880,15
5681,15
5564,15
5685,15
5240,15
5594,15
5642,15
5895,15
5204,15
5831,15
5587,15
5731,15
5658,15
5823,15
5972,15
5750,15
5255,15
5516,15
5559,15
5618,15
5637,15
4835,15
5962,15
5294,15
5722,15
5492,15
5437,15
5045,15
5751,15
5673,15
5810,15
5778,15
5052,15
5785,15
5291,15
5684,15
5848,15
5286,15
5484,15
5817,15
5439,15
5341,15
5513,15
5744,15
5670,15
5508,15
5485,15
5444,15
5641,15
5259,15
5850,15
5347,15
5192,15
5388,15
5071,15
5020,15
5899,15
5909,15
5677,15
5832,14
5984,14
5337,14
5822,14
5512,14
5998,14
5682,14
5164,14
5261,14
5805,14
5666,14
5882,14
5724,14
5837,14
5779,14
5504,14
5866,14
5756,14
5599,14
5500,14
5796,14
5529,14
5865,14
5974,14
5604,14
5979,14
5609,14
5752,14
5495,14
5671,14
5384,14
5629,14
5561,14
5949,14
5482,14
4985,14
5103,14
5279,14
5527,14
5964,14
5675,14
6016,14
5645,14
5366,14
5566,14
5922,14
5695,14
5249,14
5916,14
5768,14
5745,14
5935,14
5907,14
5753,14
6035,14
5749,14
5664,14
5876,14
5835,14
5919,14
6018,14
5596,14
5878,14
5921,14
5873,14
5968,14
5557,14
5661,14
5153,14
5575,14
5521,14
5913,14
5683,14
6021,14
5457,14
5851,14
5595,14
5227,14
5534,14
5748,14
5593,14
5592,14
5697,14
5404,14
6020,14
5914,14
5688,14
5858,14
5235,14
5400,14
5088,14
5621,14
5554,14
5438,14
5843,14
5649,14
5906,14
5967,14
6037,14
5836,14
5733,14
5734,14
5936,14
5459,14
5759,14
5631,14
5356,14
5672,13
5788,13
5667,13
5694,13
5699,13
5655,13
5709,13
5659,13
5491,13
5771,13
5803,13
5956,13
5443,13
6004,13
5431,13
5706,13
5519,13
5927,13
5674,13
5447,13
5487,13
5632,13
5871,13
5811,13
5782,13
5868,13
5920,13
5849,13
5582,13
5847,13
5830,13
5786,13
5571,13
5537,13
5705,13
5905,13
5923,13
6007,13
5450,13
5798,13
5767,13
5845,13
5357,13
5928,13
6027,13
5383,13
5825,13
5784,13
5737,13
5397,13
5607,13
5613,13
5469,13
5892,13
5735,13
5693,13
5908,13
5680,13
5530,13
5775,13
5362,13
5952,13
5577,13
5912,13
5846,13
5762,13
5879,13
5918,13
5875,13
5792,13
5634,13
5625,13
5371,13
5663,13
5813,13
5960,13
5886,13
5992,13
5248,13
5375,13
5522,13
5955,13
5676,13
6036,13
5809,13
5651,13
5617,13
5732,13
5942,13
5874,13
5989,13
5794,13
5456,13
5901,13
5721,13
5910,13
5630,13
5924,13
5797,13
5581,13
5818,13
5568,13
5747,13
5966,13
5307,12
5890,12
5711,12
5872,12
5687,12
5867,12
5976,12
5644,12
5961,12
5819,12
5893,12
5795,12
5853,12
5932,12
5761,12
5804,12
5787,12
5945,12
5766,12
5723,12
6022,12
6013,12
5626,12
5900,12
5679,12
5963,12
5999,12
6011,12
5982,12
5454,12
5891,12
5948,12
5889,12
5182,12
5943,12
5934,12
5691,12
5764,12
5915,12
5991,12
5987,12
5808,12
5736,12
5755,12
5802,12
5190,12
6012,12
5828,12
5583,12
5740,12
5863,12
5551,12
5773,12
5941,12
5590,12
5396,12
6038,12
5489,12
5780,12
5611,12
5898,12
5852,12
6030,12
5758,12
5821,12
5884,12
5981,12
5660,12
5814,12
5861,12
5883,12
5806,12
5953,12
5973,12
5799,12
5903,12
5859,11
5904,11
5710,11
5616,11
5539,11
5588,11
5994,11
6017,11
5844,11
5841,11
5827,11
5985,11
5742,11
5938,11
5954,11
6009,11
5392,11
6031,11
5971,11
6015,11
5505,11
5569,11
5565,11
5800,11
6014,11
5717,11
5995,11
5951,11
5816,11
5993,11
6019,11
5701,11
5990,11
5567,11
5553,11
5725,11
5654,11
6003,11
5826,11
6025,11
5977,11
6001,11
5926,11
6029,11
5801,11
5937,11
5328,11
5689,11
5983,11
5635,11
5783,11
5939,10
5888,10
5857,10
5620,10
5902,10
5714,10
5729,10
5716,10
5636,10
6010,10
5668,10
5728,10
5896,10
6002,10
6028,10
5460,10
5958,10
5877,10
5969,10
5791,10
5633,10
5965,10
5570,10
5370,10
5947,10
5897,10
5707,10
5957,10
5946,10
5579,10
5933,9
6026,9
5560,9
6033,9
6039,9
5860,9
5833,9
5970,9
5929,9
6024,9
5975,9
5650,9
5930,9
6008,9
5997,9
6005,9
6034,9
5743,9
5829,9
5940,9
5391,9
5950,8
5416,8
6023,8
5430,8
5842,8
5881,8
5869,8
6032,7
5996,7
5793,5
